"Statistic","Year","County","UNIT","VALUE"
"New House Registrations","1978","All Counties","Number","3781"
"New House Registrations","1978","Carlow","Number","1"
"New House Registrations","1978","Dublin","Number","1761"
"New House Registrations","1978","Kildare","Number","154"
"New House Registrations","1978","Kilkenny","Number","82"
"New House Registrations","1978","Laois","Number","13"
"New House Registrations","1978","Longford","Number","36"
"New House Registrations","1978","Louth","Number","84"
"New House Registrations","1978","Meath","Number","84"
"New House Registrations","1978","Offaly","Number","6"
"New House Registrations","1978","Westmeath","Number","177"
"New House Registrations","1978","Wexford","Number","43"
"New House Registrations","1978","Wicklow","Number","228"
"New House Registrations","1978","Clare","Number","65"
"New House Registrations","1978","Cork","Number","367"
"New House Registrations","1978","Kerry","Number","32"
"New House Registrations","1978","Limerick","Number","154"
"New House Registrations","1978","Tipperary","Number","29"
"New House Registrations","1978","Waterford","Number","189"
"New House Registrations","1978","Galway","Number","173"
"New House Registrations","1978","Leitrim","Number","6"
"New House Registrations","1978","Mayo","Number","37"
"New House Registrations","1978","Roscommon","Number","20"
"New House Registrations","1978","Sligo","Number","3"
"New House Registrations","1978","Cavan","Number","10"
"New House Registrations","1978","Donegal","Number","27"
"New House Registrations","1978","Monaghan","Number","0"
"New House Registrations","1979","All Counties","Number","5565"
"New House Registrations","1979","Carlow","Number","5"
"New House Registrations","1979","Dublin","Number","2479"
"New House Registrations","1979","Kildare","Number","332"
"New House Registrations","1979","Kilkenny","Number","83"
"New House Registrations","1979","Laois","Number","26"
"New House Registrations","1979","Longford","Number","10"
"New House Registrations","1979","Louth","Number","276"
"New House Registrations","1979","Meath","Number","283"
"New House Registrations","1979","Offaly","Number","6"
"New House Registrations","1979","Westmeath","Number","213"
"New House Registrations","1979","Wexford","Number","39"
"New House Registrations","1979","Wicklow","Number","194"
"New House Registrations","1979","Clare","Number","18"
"New House Registrations","1979","Cork","Number","655"
"New House Registrations","1979","Kerry","Number","45"
"New House Registrations","1979","Limerick","Number","134"
"New House Registrations","1979","Tipperary","Number","5"
"New House Registrations","1979","Waterford","Number","156"
"New House Registrations","1979","Galway","Number","433"
"New House Registrations","1979","Leitrim","Number","3"
"New House Registrations","1979","Mayo","Number","42"
"New House Registrations","1979","Roscommon","Number","26"
"New House Registrations","1979","Sligo","Number","7"
"New House Registrations","1979","Cavan","Number","15"
"New House Registrations","1979","Donegal","Number","38"
"New House Registrations","1979","Monaghan","Number","42"
"New House Registrations","1980","All Counties","Number","9609"
"New House Registrations","1980","Carlow","Number","44"
"New House Registrations","1980","Dublin","Number","4678"
"New House Registrations","1980","Kildare","Number","668"
"New House Registrations","1980","Kilkenny","Number","83"
"New House Registrations","1980","Laois","Number","43"
"New House Registrations","1980","Longford","Number","22"
"New House Registrations","1980","Louth","Number","369"
"New House Registrations","1980","Meath","Number","373"
"New House Registrations","1980","Offaly","Number","32"
"New House Registrations","1980","Westmeath","Number","121"
"New House Registrations","1980","Wexford","Number","62"
"New House Registrations","1980","Wicklow","Number","257"
"New House Registrations","1980","Clare","Number","186"
"New House Registrations","1980","Cork","Number","1402"
"New House Registrations","1980","Kerry","Number","81"
"New House Registrations","1980","Limerick","Number","351"
"New House Registrations","1980","Tipperary","Number","102"
"New House Registrations","1980","Waterford","Number","190"
"New House Registrations","1980","Galway","Number","268"
"New House Registrations","1980","Leitrim","Number","5"
"New House Registrations","1980","Mayo","Number","75"
"New House Registrations","1980","Roscommon","Number","52"
"New House Registrations","1980","Sligo","Number","65"
"New House Registrations","1980","Cavan","Number","11"
"New House Registrations","1980","Donegal","Number","40"
"New House Registrations","1980","Monaghan","Number","29"
"New House Registrations","1981","All Counties","Number","10785"
"New House Registrations","1981","Carlow","Number","97"
"New House Registrations","1981","Dublin","Number","4012"
"New House Registrations","1981","Kildare","Number","731"
"New House Registrations","1981","Kilkenny","Number","145"
"New House Registrations","1981","Laois","Number","77"
"New House Registrations","1981","Longford","Number","90"
"New House Registrations","1981","Louth","Number","209"
"New House Registrations","1981","Meath","Number","423"
"New House Registrations","1981","Offaly","Number","60"
"New House Registrations","1981","Westmeath","Number","140"
"New House Registrations","1981","Wexford","Number","81"
"New House Registrations","1981","Wicklow","Number","673"
"New House Registrations","1981","Clare","Number","267"
"New House Registrations","1981","Cork","Number","1707"
"New House Registrations","1981","Kerry","Number","112"
"New House Registrations","1981","Limerick","Number","619"
"New House Registrations","1981","Tipperary","Number","159"
"New House Registrations","1981","Waterford","Number","252"
"New House Registrations","1981","Galway","Number","488"
"New House Registrations","1981","Leitrim","Number","9"
"New House Registrations","1981","Mayo","Number","135"
"New House Registrations","1981","Roscommon","Number","64"
"New House Registrations","1981","Sligo","Number","104"
"New House Registrations","1981","Cavan","Number","14"
"New House Registrations","1981","Donegal","Number","71"
"New House Registrations","1981","Monaghan","Number","46"
"New House Registrations","1982","All Counties","Number","9448"
"New House Registrations","1982","Carlow","Number","61"
"New House Registrations","1982","Dublin","Number","4149"
"New House Registrations","1982","Kildare","Number","603"
"New House Registrations","1982","Kilkenny","Number","62"
"New House Registrations","1982","Laois","Number","29"
"New House Registrations","1982","Longford","Number","54"
"New House Registrations","1982","Louth","Number","238"
"New House Registrations","1982","Meath","Number","266"
"New House Registrations","1982","Offaly","Number","30"
"New House Registrations","1982","Westmeath","Number","156"
"New House Registrations","1982","Wexford","Number","52"
"New House Registrations","1982","Wicklow","Number","397"
"New House Registrations","1982","Clare","Number","349"
"New House Registrations","1982","Cork","Number","1298"
"New House Registrations","1982","Kerry","Number","171"
"New House Registrations","1982","Limerick","Number","456"
"New House Registrations","1982","Tipperary","Number","115"
"New House Registrations","1982","Waterford","Number","284"
"New House Registrations","1982","Galway","Number","279"
"New House Registrations","1982","Leitrim","Number","6"
"New House Registrations","1982","Mayo","Number","59"
"New House Registrations","1982","Roscommon","Number","75"
"New House Registrations","1982","Sligo","Number","137"
"New House Registrations","1982","Cavan","Number","35"
"New House Registrations","1982","Donegal","Number","73"
"New House Registrations","1982","Monaghan","Number","14"
"New House Registrations","1983","All Counties","Number","10830"
"New House Registrations","1983","Carlow","Number","99"
"New House Registrations","1983","Dublin","Number","4331"
"New House Registrations","1983","Kildare","Number","640"
"New House Registrations","1983","Kilkenny","Number","142"
"New House Registrations","1983","Laois","Number","68"
"New House Registrations","1983","Longford","Number","54"
"New House Registrations","1983","Louth","Number","251"
"New House Registrations","1983","Meath","Number","277"
"New House Registrations","1983","Offaly","Number","119"
"New House Registrations","1983","Westmeath","Number","183"
"New House Registrations","1983","Wexford","Number","63"
"New House Registrations","1983","Wicklow","Number","400"
"New House Registrations","1983","Clare","Number","345"
"New House Registrations","1983","Cork","Number","1511"
"New House Registrations","1983","Kerry","Number","222"
"New House Registrations","1983","Limerick","Number","586"
"New House Registrations","1983","Tipperary","Number","215"
"New House Registrations","1983","Waterford","Number","299"
"New House Registrations","1983","Galway","Number","460"
"New House Registrations","1983","Leitrim","Number","10"
"New House Registrations","1983","Mayo","Number","84"
"New House Registrations","1983","Roscommon","Number","77"
"New House Registrations","1983","Sligo","Number","180"
"New House Registrations","1983","Cavan","Number","30"
"New House Registrations","1983","Donegal","Number","150"
"New House Registrations","1983","Monaghan","Number","34"
"New House Registrations","1984","All Counties","Number","10422"
"New House Registrations","1984","Carlow","Number","64"
"New House Registrations","1984","Dublin","Number","4810"
"New House Registrations","1984","Kildare","Number","667"
"New House Registrations","1984","Kilkenny","Number","139"
"New House Registrations","1984","Laois","Number","58"
"New House Registrations","1984","Longford","Number","35"
"New House Registrations","1984","Louth","Number","205"
"New House Registrations","1984","Meath","Number","194"
"New House Registrations","1984","Offaly","Number","42"
"New House Registrations","1984","Westmeath","Number","127"
"New House Registrations","1984","Wexford","Number","127"
"New House Registrations","1984","Wicklow","Number","338"
"New House Registrations","1984","Clare","Number","235"
"New House Registrations","1984","Cork","Number","1267"
"New House Registrations","1984","Kerry","Number","148"
"New House Registrations","1984","Limerick","Number","524"
"New House Registrations","1984","Tipperary","Number","198"
"New House Registrations","1984","Waterford","Number","335"
"New House Registrations","1984","Galway","Number","357"
"New House Registrations","1984","Leitrim","Number","25"
"New House Registrations","1984","Mayo","Number","105"
"New House Registrations","1984","Roscommon","Number","23"
"New House Registrations","1984","Sligo","Number","159"
"New House Registrations","1984","Cavan","Number","53"
"New House Registrations","1984","Donegal","Number","159"
"New House Registrations","1984","Monaghan","Number","28"
"New House Registrations","1985","All Counties","Number","8819"
"New House Registrations","1985","Carlow","Number","69"
"New House Registrations","1985","Dublin","Number","3850"
"New House Registrations","1985","Kildare","Number","522"
"New House Registrations","1985","Kilkenny","Number","134"
"New House Registrations","1985","Laois","Number","50"
"New House Registrations","1985","Longford","Number","33"
"New House Registrations","1985","Louth","Number","217"
"New House Registrations","1985","Meath","Number","154"
"New House Registrations","1985","Offaly","Number","42"
"New House Registrations","1985","Westmeath","Number","76"
"New House Registrations","1985","Wexford","Number","108"
"New House Registrations","1985","Wicklow","Number","288"
"New House Registrations","1985","Clare","Number","214"
"New House Registrations","1985","Cork","Number","1074"
"New House Registrations","1985","Kerry","Number","129"
"New House Registrations","1985","Limerick","Number","340"
"New House Registrations","1985","Tipperary","Number","222"
"New House Registrations","1985","Waterford","Number","378"
"New House Registrations","1985","Galway","Number","454"
"New House Registrations","1985","Leitrim","Number","7"
"New House Registrations","1985","Mayo","Number","91"
"New House Registrations","1985","Roscommon","Number","19"
"New House Registrations","1985","Sligo","Number","120"
"New House Registrations","1985","Cavan","Number","66"
"New House Registrations","1985","Donegal","Number","130"
"New House Registrations","1985","Monaghan","Number","32"
"New House Registrations","1986","All Counties","Number","8249"
"New House Registrations","1986","Carlow","Number","41"
"New House Registrations","1986","Dublin","Number","3722"
"New House Registrations","1986","Kildare","Number","508"
"New House Registrations","1986","Kilkenny","Number","170"
"New House Registrations","1986","Laois","Number","60"
"New House Registrations","1986","Longford","Number","20"
"New House Registrations","1986","Louth","Number","212"
"New House Registrations","1986","Meath","Number","157"
"New House Registrations","1986","Offaly","Number","42"
"New House Registrations","1986","Westmeath","Number","57"
"New House Registrations","1986","Wexford","Number","72"
"New House Registrations","1986","Wicklow","Number","191"
"New House Registrations","1986","Clare","Number","232"
"New House Registrations","1986","Cork","Number","1041"
"New House Registrations","1986","Kerry","Number","135"
"New House Registrations","1986","Limerick","Number","370"
"New House Registrations","1986","Tipperary","Number","182"
"New House Registrations","1986","Waterford","Number","302"
"New House Registrations","1986","Galway","Number","339"
"New House Registrations","1986","Leitrim","Number","11"
"New House Registrations","1986","Mayo","Number","55"
"New House Registrations","1986","Roscommon","Number","42"
"New House Registrations","1986","Sligo","Number","105"
"New House Registrations","1986","Cavan","Number","37"
"New House Registrations","1986","Donegal","Number","127"
"New House Registrations","1986","Monaghan","Number","19"
"New House Registrations","1987","All Counties","Number","7099"
"New House Registrations","1987","Carlow","Number","30"
"New House Registrations","1987","Dublin","Number","3356"
"New House Registrations","1987","Kildare","Number","329"
"New House Registrations","1987","Kilkenny","Number","156"
"New House Registrations","1987","Laois","Number","68"
"New House Registrations","1987","Longford","Number","22"
"New House Registrations","1987","Louth","Number","121"
"New House Registrations","1987","Meath","Number","136"
"New House Registrations","1987","Offaly","Number","65"
"New House Registrations","1987","Westmeath","Number","77"
"New House Registrations","1987","Wexford","Number","136"
"New House Registrations","1987","Wicklow","Number","195"
"New House Registrations","1987","Clare","Number","161"
"New House Registrations","1987","Cork","Number","791"
"New House Registrations","1987","Kerry","Number","93"
"New House Registrations","1987","Limerick","Number","284"
"New House Registrations","1987","Tipperary","Number","187"
"New House Registrations","1987","Waterford","Number","300"
"New House Registrations","1987","Galway","Number","307"
"New House Registrations","1987","Leitrim","Number","12"
"New House Registrations","1987","Mayo","Number","45"
"New House Registrations","1987","Roscommon","Number","21"
"New House Registrations","1987","Sligo","Number","57"
"New House Registrations","1987","Cavan","Number","35"
"New House Registrations","1987","Donegal","Number","64"
"New House Registrations","1987","Monaghan","Number","51"
"New House Registrations","1988","All Counties","Number","8297"
"New House Registrations","1988","Carlow","Number","25"
"New House Registrations","1988","Dublin","Number","3942"
"New House Registrations","1988","Kildare","Number","370"
"New House Registrations","1988","Kilkenny","Number","206"
"New House Registrations","1988","Laois","Number","109"
"New House Registrations","1988","Longford","Number","17"
"New House Registrations","1988","Louth","Number","110"
"New House Registrations","1988","Meath","Number","97"
"New House Registrations","1988","Offaly","Number","73"
"New House Registrations","1988","Westmeath","Number","74"
"New House Registrations","1988","Wexford","Number","131"
"New House Registrations","1988","Wicklow","Number","113"
"New House Registrations","1988","Clare","Number","191"
"New House Registrations","1988","Cork","Number","925"
"New House Registrations","1988","Kerry","Number","125"
"New House Registrations","1988","Limerick","Number","395"
"New House Registrations","1988","Tipperary","Number","164"
"New House Registrations","1988","Waterford","Number","338"
"New House Registrations","1988","Galway","Number","473"
"New House Registrations","1988","Leitrim","Number","13"
"New House Registrations","1988","Mayo","Number","80"
"New House Registrations","1988","Roscommon","Number","30"
"New House Registrations","1988","Sligo","Number","125"
"New House Registrations","1988","Cavan","Number","61"
"New House Registrations","1988","Donegal","Number","73"
"New House Registrations","1988","Monaghan","Number","37"
"New House Registrations","1989","All Counties","Number","11627"
"New House Registrations","1989","Carlow","Number","120"
"New House Registrations","1989","Dublin","Number","4500"
"New House Registrations","1989","Kildare","Number","888"
"New House Registrations","1989","Kilkenny","Number","261"
"New House Registrations","1989","Laois","Number","88"
"New House Registrations","1989","Longford","Number","24"
"New House Registrations","1989","Louth","Number","147"
"New House Registrations","1989","Meath","Number","229"
"New House Registrations","1989","Offaly","Number","69"
"New House Registrations","1989","Westmeath","Number","166"
"New House Registrations","1989","Wexford","Number","191"
"New House Registrations","1989","Wicklow","Number","394"
"New House Registrations","1989","Clare","Number","194"
"New House Registrations","1989","Cork","Number","1241"
"New House Registrations","1989","Kerry","Number","267"
"New House Registrations","1989","Limerick","Number","667"
"New House Registrations","1989","Tipperary","Number","208"
"New House Registrations","1989","Waterford","Number","465"
"New House Registrations","1989","Galway","Number","734"
"New House Registrations","1989","Leitrim","Number","10"
"New House Registrations","1989","Mayo","Number","158"
"New House Registrations","1989","Roscommon","Number","40"
"New House Registrations","1989","Sligo","Number","224"
"New House Registrations","1989","Cavan","Number","74"
"New House Registrations","1989","Donegal","Number","212"
"New House Registrations","1989","Monaghan","Number","56"
"New House Registrations","1990","All Counties","Number","11346"
"New House Registrations","1990","Carlow","Number","123"
"New House Registrations","1990","Dublin","Number","4616"
"New House Registrations","1990","Kildare","Number","770"
"New House Registrations","1990","Kilkenny","Number","230"
"New House Registrations","1990","Laois","Number","98"
"New House Registrations","1990","Longford","Number","34"
"New House Registrations","1990","Louth","Number","196"
"New House Registrations","1990","Meath","Number","297"
"New House Registrations","1990","Offaly","Number","110"
"New House Registrations","1990","Westmeath","Number","150"
"New House Registrations","1990","Wexford","Number","159"
"New House Registrations","1990","Wicklow","Number","297"
"New House Registrations","1990","Clare","Number","299"
"New House Registrations","1990","Cork","Number","1281"
"New House Registrations","1990","Kerry","Number","295"
"New House Registrations","1990","Limerick","Number","577"
"New House Registrations","1990","Tipperary","Number","203"
"New House Registrations","1990","Waterford","Number","389"
"New House Registrations","1990","Galway","Number","630"
"New House Registrations","1990","Leitrim","Number","19"
"New House Registrations","1990","Mayo","Number","141"
"New House Registrations","1990","Roscommon","Number","43"
"New House Registrations","1990","Sligo","Number","92"
"New House Registrations","1990","Cavan","Number","88"
"New House Registrations","1990","Donegal","Number","142"
"New House Registrations","1990","Monaghan","Number","67"
"New House Registrations","1991","All Counties","Number","10658"
"New House Registrations","1991","Carlow","Number","109"
"New House Registrations","1991","Dublin","Number","4684"
"New House Registrations","1991","Kildare","Number","744"
"New House Registrations","1991","Kilkenny","Number","255"
"New House Registrations","1991","Laois","Number","77"
"New House Registrations","1991","Longford","Number","25"
"New House Registrations","1991","Louth","Number","215"
"New House Registrations","1991","Meath","Number","249"
"New House Registrations","1991","Offaly","Number","78"
"New House Registrations","1991","Westmeath","Number","152"
"New House Registrations","1991","Wexford","Number","190"
"New House Registrations","1991","Wicklow","Number","118"
"New House Registrations","1991","Clare","Number","318"
"New House Registrations","1991","Cork","Number","1107"
"New House Registrations","1991","Kerry","Number","220"
"New House Registrations","1991","Limerick","Number","520"
"New House Registrations","1991","Tipperary","Number","166"
"New House Registrations","1991","Waterford","Number","235"
"New House Registrations","1991","Galway","Number","618"
"New House Registrations","1991","Leitrim","Number","17"
"New House Registrations","1991","Mayo","Number","159"
"New House Registrations","1991","Roscommon","Number","33"
"New House Registrations","1991","Sligo","Number","95"
"New House Registrations","1991","Cavan","Number","82"
"New House Registrations","1991","Donegal","Number","152"
"New House Registrations","1991","Monaghan","Number","40"
"New House Registrations","1992","All Counties","Number","12748"
"New House Registrations","1992","Carlow","Number","123"
"New House Registrations","1992","Dublin","Number","5864"
"New House Registrations","1992","Kildare","Number","932"
"New House Registrations","1992","Kilkenny","Number","174"
"New House Registrations","1992","Laois","Number","81"
"New House Registrations","1992","Longford","Number","16"
"New House Registrations","1992","Louth","Number","190"
"New House Registrations","1992","Meath","Number","256"
"New House Registrations","1992","Offaly","Number","84"
"New House Registrations","1992","Westmeath","Number","133"
"New House Registrations","1992","Wexford","Number","255"
"New House Registrations","1992","Wicklow","Number","315"
"New House Registrations","1992","Clare","Number","361"
"New House Registrations","1992","Cork","Number","1303"
"New House Registrations","1992","Kerry","Number","346"
"New House Registrations","1992","Limerick","Number","496"
"New House Registrations","1992","Tipperary","Number","169"
"New House Registrations","1992","Waterford","Number","368"
"New House Registrations","1992","Galway","Number","615"
"New House Registrations","1992","Leitrim","Number","12"
"New House Registrations","1992","Mayo","Number","215"
"New House Registrations","1992","Roscommon","Number","44"
"New House Registrations","1992","Sligo","Number","113"
"New House Registrations","1992","Cavan","Number","80"
"New House Registrations","1992","Donegal","Number","156"
"New House Registrations","1992","Monaghan","Number","47"
"New House Registrations","1993","All Counties","Number","13666"
"New House Registrations","1993","Carlow","Number","127"
"New House Registrations","1993","Dublin","Number","6145"
"New House Registrations","1993","Kildare","Number","853"
"New House Registrations","1993","Kilkenny","Number","189"
"New House Registrations","1993","Laois","Number","150"
"New House Registrations","1993","Longford","Number","33"
"New House Registrations","1993","Louth","Number","350"
"New House Registrations","1993","Meath","Number","383"
"New House Registrations","1993","Offaly","Number","62"
"New House Registrations","1993","Westmeath","Number","168"
"New House Registrations","1993","Wexford","Number","210"
"New House Registrations","1993","Wicklow","Number","370"
"New House Registrations","1993","Clare","Number","240"
"New House Registrations","1993","Cork","Number","1443"
"New House Registrations","1993","Kerry","Number","403"
"New House Registrations","1993","Limerick","Number","693"
"New House Registrations","1993","Tipperary","Number","241"
"New House Registrations","1993","Waterford","Number","341"
"New House Registrations","1993","Galway","Number","487"
"New House Registrations","1993","Leitrim","Number","16"
"New House Registrations","1993","Mayo","Number","188"
"New House Registrations","1993","Roscommon","Number","92"
"New House Registrations","1993","Sligo","Number","134"
"New House Registrations","1993","Cavan","Number","63"
"New House Registrations","1993","Donegal","Number","232"
"New House Registrations","1993","Monaghan","Number","53"
"New House Registrations","1994","All Counties","Number","17822"
"New House Registrations","1994","Carlow","Number","110"
"New House Registrations","1994","Dublin","Number","7830"
"New House Registrations","1994","Kildare","Number","1385"
"New House Registrations","1994","Kilkenny","Number","219"
"New House Registrations","1994","Laois","Number","168"
"New House Registrations","1994","Longford","Number","14"
"New House Registrations","1994","Louth","Number","527"
"New House Registrations","1994","Meath","Number","536"
"New House Registrations","1994","Offaly","Number","171"
"New House Registrations","1994","Westmeath","Number","154"
"New House Registrations","1994","Wexford","Number","267"
"New House Registrations","1994","Wicklow","Number","329"
"New House Registrations","1994","Clare","Number","366"
"New House Registrations","1994","Cork","Number","1966"
"New House Registrations","1994","Kerry","Number","361"
"New House Registrations","1994","Limerick","Number","832"
"New House Registrations","1994","Tipperary","Number","306"
"New House Registrations","1994","Waterford","Number","560"
"New House Registrations","1994","Galway","Number","623"
"New House Registrations","1994","Leitrim","Number","5"
"New House Registrations","1994","Mayo","Number","397"
"New House Registrations","1994","Roscommon","Number","54"
"New House Registrations","1994","Sligo","Number","245"
"New House Registrations","1994","Cavan","Number","106"
"New House Registrations","1994","Donegal","Number","241"
"New House Registrations","1994","Monaghan","Number","50"
"New House Registrations","1995","All Counties","Number","19727"
"New House Registrations","1995","Carlow","Number","169"
"New House Registrations","1995","Dublin","Number","8107"
"New House Registrations","1995","Kildare","Number","1300"
"New House Registrations","1995","Kilkenny","Number","304"
"New House Registrations","1995","Laois","Number","252"
"New House Registrations","1995","Longford","Number","12"
"New House Registrations","1995","Louth","Number","586"
"New House Registrations","1995","Meath","Number","761"
"New House Registrations","1995","Offaly","Number","116"
"New House Registrations","1995","Westmeath","Number","328"
"New House Registrations","1995","Wexford","Number","433"
"New House Registrations","1995","Wicklow","Number","687"
"New House Registrations","1995","Clare","Number","455"
"New House Registrations","1995","Cork","Number","1895"
"New House Registrations","1995","Kerry","Number","411"
"New House Registrations","1995","Limerick","Number","767"
"New House Registrations","1995","Tipperary","Number","458"
"New House Registrations","1995","Waterford","Number","589"
"New House Registrations","1995","Galway","Number","929"
"New House Registrations","1995","Leitrim","Number","12"
"New House Registrations","1995","Mayo","Number","363"
"New House Registrations","1995","Roscommon","Number","58"
"New House Registrations","1995","Sligo","Number","235"
"New House Registrations","1995","Cavan","Number","76"
"New House Registrations","1995","Donegal","Number","344"
"New House Registrations","1995","Monaghan","Number","80"
"New House Registrations","1996","All Counties","Number","23769"
"New House Registrations","1996","Carlow","Number","325"
"New House Registrations","1996","Dublin","Number","8591"
"New House Registrations","1996","Kildare","Number","1510"
"New House Registrations","1996","Kilkenny","Number","387"
"New House Registrations","1996","Laois","Number","193"
"New House Registrations","1996","Longford","Number","8"
"New House Registrations","1996","Louth","Number","721"
"New House Registrations","1996","Meath","Number","872"
"New House Registrations","1996","Offaly","Number","167"
"New House Registrations","1996","Westmeath","Number","389"
"New House Registrations","1996","Wexford","Number","532"
"New House Registrations","1996","Wicklow","Number","678"
"New House Registrations","1996","Clare","Number","722"
"New House Registrations","1996","Cork","Number","2712"
"New House Registrations","1996","Kerry","Number","575"
"New House Registrations","1996","Limerick","Number","1236"
"New House Registrations","1996","Tipperary","Number","480"
"New House Registrations","1996","Waterford","Number","717"
"New House Registrations","1996","Galway","Number","1444"
"New House Registrations","1996","Leitrim","Number","30"
"New House Registrations","1996","Mayo","Number","448"
"New House Registrations","1996","Roscommon","Number","100"
"New House Registrations","1996","Sligo","Number","268"
"New House Registrations","1996","Cavan","Number","183"
"New House Registrations","1996","Donegal","Number","389"
"New House Registrations","1996","Monaghan","Number","92"
"New House Registrations","1997","All Counties","Number","27080"
"New House Registrations","1997","Carlow","Number","508"
"New House Registrations","1997","Dublin","Number","8040"
"New House Registrations","1997","Kildare","Number","2052"
"New House Registrations","1997","Kilkenny","Number","450"
"New House Registrations","1997","Laois","Number","233"
"New House Registrations","1997","Longford","Number","33"
"New House Registrations","1997","Louth","Number","841"
"New House Registrations","1997","Meath","Number","1283"
"New House Registrations","1997","Offaly","Number","132"
"New House Registrations","1997","Westmeath","Number","584"
"New House Registrations","1997","Wexford","Number","916"
"New House Registrations","1997","Wicklow","Number","1099"
"New House Registrations","1997","Clare","Number","831"
"New House Registrations","1997","Cork","Number","3037"
"New House Registrations","1997","Kerry","Number","837"
"New House Registrations","1997","Limerick","Number","1543"
"New House Registrations","1997","Tipperary","Number","664"
"New House Registrations","1997","Waterford","Number","840"
"New House Registrations","1997","Galway","Number","1281"
"New House Registrations","1997","Leitrim","Number","38"
"New House Registrations","1997","Mayo","Number","576"
"New House Registrations","1997","Roscommon","Number","86"
"New House Registrations","1997","Sligo","Number","547"
"New House Registrations","1997","Cavan","Number","152"
"New House Registrations","1997","Donegal","Number","425"
"New House Registrations","1997","Monaghan","Number","52"
"New House Registrations","1998","All Counties","Number","29067"
"New House Registrations","1998","Carlow","Number","495"
"New House Registrations","1998","Dublin","Number","8356"
"New House Registrations","1998","Kildare","Number","2361"
"New House Registrations","1998","Kilkenny","Number","511"
"New House Registrations","1998","Laois","Number","293"
"New House Registrations","1998","Longford","Number","31"
"New House Registrations","1998","Louth","Number","1087"
"New House Registrations","1998","Meath","Number","1139"
"New House Registrations","1998","Offaly","Number","289"
"New House Registrations","1998","Westmeath","Number","725"
"New House Registrations","1998","Wexford","Number","1357"
"New House Registrations","1998","Wicklow","Number","784"
"New House Registrations","1998","Clare","Number","801"
"New House Registrations","1998","Cork","Number","3266"
"New House Registrations","1998","Kerry","Number","684"
"New House Registrations","1998","Limerick","Number","1439"
"New House Registrations","1998","Tipperary","Number","730"
"New House Registrations","1998","Waterford","Number","893"
"New House Registrations","1998","Galway","Number","1381"
"New House Registrations","1998","Leitrim","Number","35"
"New House Registrations","1998","Mayo","Number","763"
"New House Registrations","1998","Roscommon","Number","152"
"New House Registrations","1998","Sligo","Number","472"
"New House Registrations","1998","Cavan","Number","176"
"New House Registrations","1998","Donegal","Number","736"
"New House Registrations","1998","Monaghan","Number","111"
"New House Registrations","1999","All Counties","Number","33852"
"New House Registrations","1999","Carlow","Number","529"
"New House Registrations","1999","Dublin","Number","8956"
"New House Registrations","1999","Kildare","Number","1972"
"New House Registrations","1999","Kilkenny","Number","512"
"New House Registrations","1999","Laois","Number","597"
"New House Registrations","1999","Longford","Number","42"
"New House Registrations","1999","Louth","Number","1020"
"New House Registrations","1999","Meath","Number","2350"
"New House Registrations","1999","Offaly","Number","431"
"New House Registrations","1999","Westmeath","Number","928"
"New House Registrations","1999","Wexford","Number","1640"
"New House Registrations","1999","Wicklow","Number","689"
"New House Registrations","1999","Clare","Number","1158"
"New House Registrations","1999","Cork","Number","4174"
"New House Registrations","1999","Kerry","Number","727"
"New House Registrations","1999","Limerick","Number","1543"
"New House Registrations","1999","Tipperary","Number","1024"
"New House Registrations","1999","Waterford","Number","919"
"New House Registrations","1999","Galway","Number","1721"
"New House Registrations","1999","Leitrim","Number","220"
"New House Registrations","1999","Mayo","Number","830"
"New House Registrations","1999","Roscommon","Number","183"
"New House Registrations","1999","Sligo","Number","391"
"New House Registrations","1999","Cavan","Number","229"
"New House Registrations","1999","Donegal","Number","1020"
"New House Registrations","1999","Monaghan","Number","47"
"New House Registrations","2000","All Counties","Number","34613"
"New House Registrations","2000","Carlow","Number","369"
"New House Registrations","2000","Dublin","Number","8122"
"New House Registrations","2000","Kildare","Number","2064"
"New House Registrations","2000","Kilkenny","Number","607"
"New House Registrations","2000","Laois","Number","809"
"New House Registrations","2000","Longford","Number","103"
"New House Registrations","2000","Louth","Number","1298"
"New House Registrations","2000","Meath","Number","2595"
"New House Registrations","2000","Offaly","Number","638"
"New House Registrations","2000","Westmeath","Number","976"
"New House Registrations","2000","Wexford","Number","1697"
"New House Registrations","2000","Wicklow","Number","814"
"New House Registrations","2000","Clare","Number","891"
"New House Registrations","2000","Cork","Number","4424"
"New House Registrations","2000","Kerry","Number","739"
"New House Registrations","2000","Limerick","Number","1381"
"New House Registrations","2000","Tipperary","Number","1024"
"New House Registrations","2000","Waterford","Number","1121"
"New House Registrations","2000","Galway","Number","1831"
"New House Registrations","2000","Leitrim","Number","259"
"New House Registrations","2000","Mayo","Number","903"
"New House Registrations","2000","Roscommon","Number","254"
"New House Registrations","2000","Sligo","Number","369"
"New House Registrations","2000","Cavan","Number","270"
"New House Registrations","2000","Donegal","Number","850"
"New House Registrations","2000","Monaghan","Number","205"
"New House Registrations","2001","All Counties","Number","28845"
"New House Registrations","2001","Carlow","Number","305"
"New House Registrations","2001","Dublin","Number","8724"
"New House Registrations","2001","Kildare","Number","1933"
"New House Registrations","2001","Kilkenny","Number","648"
"New House Registrations","2001","Laois","Number","346"
"New House Registrations","2001","Longford","Number","131"
"New House Registrations","2001","Louth","Number","855"
"New House Registrations","2001","Meath","Number","1993"
"New House Registrations","2001","Offaly","Number","399"
"New House Registrations","2001","Westmeath","Number","777"
"New House Registrations","2001","Wexford","Number","1049"
"New House Registrations","2001","Wicklow","Number","978"
"New House Registrations","2001","Clare","Number","648"
"New House Registrations","2001","Cork","Number","2957"
"New House Registrations","2001","Kerry","Number","639"
"New House Registrations","2001","Limerick","Number","862"
"New House Registrations","2001","Tipperary","Number","538"
"New House Registrations","2001","Waterford","Number","881"
"New House Registrations","2001","Galway","Number","1780"
"New House Registrations","2001","Leitrim","Number","313"
"New House Registrations","2001","Mayo","Number","407"
"New House Registrations","2001","Roscommon","Number","289"
"New House Registrations","2001","Sligo","Number","335"
"New House Registrations","2001","Cavan","Number","201"
"New House Registrations","2001","Donegal","Number","710"
"New House Registrations","2001","Monaghan","Number","147"
"New House Registrations","2002","All Counties","Number","51017"
"New House Registrations","2002","Carlow","Number","429"
"New House Registrations","2002","Dublin","Number","18243"
"New House Registrations","2002","Kildare","Number","2192"
"New House Registrations","2002","Kilkenny","Number","1064"
"New House Registrations","2002","Laois","Number","821"
"New House Registrations","2002","Longford","Number","238"
"New House Registrations","2002","Louth","Number","1340"
"New House Registrations","2002","Meath","Number","2904"
"New House Registrations","2002","Offaly","Number","640"
"New House Registrations","2002","Westmeath","Number","1031"
"New House Registrations","2002","Wexford","Number","1611"
"New House Registrations","2002","Wicklow","Number","1345"
"New House Registrations","2002","Clare","Number","864"
"New House Registrations","2002","Cork","Number","6004"
"New House Registrations","2002","Kerry","Number","1561"
"New House Registrations","2002","Limerick","Number","1824"
"New House Registrations","2002","Tipperary","Number","1098"
"New House Registrations","2002","Waterford","Number","1550"
"New House Registrations","2002","Galway","Number","2941"
"New House Registrations","2002","Leitrim","Number","213"
"New House Registrations","2002","Mayo","Number","837"
"New House Registrations","2002","Roscommon","Number","347"
"New House Registrations","2002","Sligo","Number","556"
"New House Registrations","2002","Cavan","Number","370"
"New House Registrations","2002","Donegal","Number","804"
"New House Registrations","2002","Monaghan","Number","190"
"New House Registrations","2003","All Counties","Number","56859"
"New House Registrations","2003","Carlow","Number","719"
"New House Registrations","2003","Dublin","Number","16708"
"New House Registrations","2003","Kildare","Number","3264"
"New House Registrations","2003","Kilkenny","Number","946"
"New House Registrations","2003","Laois","Number","1152"
"New House Registrations","2003","Longford","Number","419"
"New House Registrations","2003","Louth","Number","1763"
"New House Registrations","2003","Meath","Number","3615"
"New House Registrations","2003","Offaly","Number","1220"
"New House Registrations","2003","Westmeath","Number","1609"
"New House Registrations","2003","Wexford","Number","1584"
"New House Registrations","2003","Wicklow","Number","2121"
"New House Registrations","2003","Clare","Number","1157"
"New House Registrations","2003","Cork","Number","5827"
"New House Registrations","2003","Kerry","Number","1272"
"New House Registrations","2003","Limerick","Number","3197"
"New House Registrations","2003","Tipperary","Number","1411"
"New House Registrations","2003","Waterford","Number","1575"
"New House Registrations","2003","Galway","Number","2811"
"New House Registrations","2003","Leitrim","Number","516"
"New House Registrations","2003","Mayo","Number","955"
"New House Registrations","2003","Roscommon","Number","445"
"New House Registrations","2003","Sligo","Number","765"
"New House Registrations","2003","Cavan","Number","572"
"New House Registrations","2003","Donegal","Number","1078"
"New House Registrations","2003","Monaghan","Number","158"
"New House Registrations","2004","All Counties","Number","60782"
"New House Registrations","2004","Carlow","Number","847"
"New House Registrations","2004","Dublin","Number","18714"
"New House Registrations","2004","Kildare","Number","2958"
"New House Registrations","2004","Kilkenny","Number","1174"
"New House Registrations","2004","Laois","Number","1568"
"New House Registrations","2004","Longford","Number","708"
"New House Registrations","2004","Louth","Number","1453"
"New House Registrations","2004","Meath","Number","3347"
"New House Registrations","2004","Offaly","Number","1060"
"New House Registrations","2004","Westmeath","Number","1260"
"New House Registrations","2004","Wexford","Number","2152"
"New House Registrations","2004","Wicklow","Number","1480"
"New House Registrations","2004","Clare","Number","1478"
"New House Registrations","2004","Cork","Number","6425"
"New House Registrations","2004","Kerry","Number","1762"
"New House Registrations","2004","Limerick","Number","2316"
"New House Registrations","2004","Tipperary","Number","1885"
"New House Registrations","2004","Waterford","Number","1771"
"New House Registrations","2004","Galway","Number","2528"
"New House Registrations","2004","Leitrim","Number","653"
"New House Registrations","2004","Mayo","Number","1132"
"New House Registrations","2004","Roscommon","Number","962"
"New House Registrations","2004","Sligo","Number","956"
"New House Registrations","2004","Cavan","Number","1106"
"New House Registrations","2004","Donegal","Number","913"
"New House Registrations","2004","Monaghan","Number","174"
"New House Registrations","2005","All Counties","Number","62284"
"New House Registrations","2005","Carlow","Number","938"
"New House Registrations","2005","Dublin","Number","15656"
"New House Registrations","2005","Kildare","Number","4000"
"New House Registrations","2005","Kilkenny","Number","1570"
"New House Registrations","2005","Laois","Number","1946"
"New House Registrations","2005","Longford","Number","609"
"New House Registrations","2005","Louth","Number","1523"
"New House Registrations","2005","Meath","Number","3456"
"New House Registrations","2005","Offaly","Number","938"
"New House Registrations","2005","Westmeath","Number","1071"
"New House Registrations","2005","Wexford","Number","2178"
"New House Registrations","2005","Wicklow","Number","1436"
"New House Registrations","2005","Clare","Number","1537"
"New House Registrations","2005","Cork","Number","7745"
"New House Registrations","2005","Kerry","Number","2012"
"New House Registrations","2005","Limerick","Number","2185"
"New House Registrations","2005","Tipperary","Number","1949"
"New House Registrations","2005","Waterford","Number","1526"
"New House Registrations","2005","Galway","Number","2556"
"New House Registrations","2005","Leitrim","Number","816"
"New House Registrations","2005","Mayo","Number","1439"
"New House Registrations","2005","Roscommon","Number","1427"
"New House Registrations","2005","Sligo","Number","1213"
"New House Registrations","2005","Cavan","Number","1133"
"New House Registrations","2005","Donegal","Number","990"
"New House Registrations","2005","Monaghan","Number","435"
"New House Registrations","2006","All Counties","Number","66649"
"New House Registrations","2006","Carlow","Number","936"
"New House Registrations","2006","Dublin","Number","17258"
"New House Registrations","2006","Kildare","Number","3759"
"New House Registrations","2006","Kilkenny","Number","1305"
"New House Registrations","2006","Laois","Number","2287"
"New House Registrations","2006","Longford","Number","1608"
"New House Registrations","2006","Louth","Number","1097"
"New House Registrations","2006","Meath","Number","2868"
"New House Registrations","2006","Offaly","Number","995"
"New House Registrations","2006","Westmeath","Number","1480"
"New House Registrations","2006","Wexford","Number","2596"
"New House Registrations","2006","Wicklow","Number","1381"
"New House Registrations","2006","Clare","Number","1916"
"New House Registrations","2006","Cork","Number","7857"
"New House Registrations","2006","Kerry","Number","1746"
"New House Registrations","2006","Limerick","Number","2563"
"New House Registrations","2006","Tipperary","Number","2158"
"New House Registrations","2006","Waterford","Number","1278"
"New House Registrations","2006","Galway","Number","3233"
"New House Registrations","2006","Leitrim","Number","794"
"New House Registrations","2006","Mayo","Number","1518"
"New House Registrations","2006","Roscommon","Number","1101"
"New House Registrations","2006","Sligo","Number","1489"
"New House Registrations","2006","Cavan","Number","1384"
"New House Registrations","2006","Donegal","Number","1391"
"New House Registrations","2006","Monaghan","Number","651"
"New House Registrations","2007","All Counties","Number","38351"
"New House Registrations","2007","Carlow","Number","747"
"New House Registrations","2007","Dublin","Number","9318"
"New House Registrations","2007","Kildare","Number","2083"
"New House Registrations","2007","Kilkenny","Number","727"
"New House Registrations","2007","Laois","Number","1549"
"New House Registrations","2007","Longford","Number","279"
"New House Registrations","2007","Louth","Number","909"
"New House Registrations","2007","Meath","Number","1655"
"New House Registrations","2007","Offaly","Number","524"
"New House Registrations","2007","Westmeath","Number","933"
"New House Registrations","2007","Wexford","Number","1167"
"New House Registrations","2007","Wicklow","Number","842"
"New House Registrations","2007","Clare","Number","1066"
"New House Registrations","2007","Cork","Number","4337"
"New House Registrations","2007","Kerry","Number","1232"
"New House Registrations","2007","Limerick","Number","1435"
"New House Registrations","2007","Tipperary","Number","1911"
"New House Registrations","2007","Waterford","Number","944"
"New House Registrations","2007","Galway","Number","1909"
"New House Registrations","2007","Leitrim","Number","265"
"New House Registrations","2007","Mayo","Number","1076"
"New House Registrations","2007","Roscommon","Number","441"
"New House Registrations","2007","Sligo","Number","826"
"New House Registrations","2007","Cavan","Number","907"
"New House Registrations","2007","Donegal","Number","1042"
"New House Registrations","2007","Monaghan","Number","227"
"New House Registrations","2008","All Counties","Number","12676"
"New House Registrations","2008","Carlow","Number","230"
"New House Registrations","2008","Dublin","Number","4550"
"New House Registrations","2008","Kildare","Number","413"
"New House Registrations","2008","Kilkenny","Number","165"
"New House Registrations","2008","Laois","Number","221"
"New House Registrations","2008","Longford","Number","19"
"New House Registrations","2008","Louth","Number","377"
"New House Registrations","2008","Meath","Number","560"
"New House Registrations","2008","Offaly","Number","193"
"New House Registrations","2008","Westmeath","Number","96"
"New House Registrations","2008","Wexford","Number","351"
"New House Registrations","2008","Wicklow","Number","236"
"New House Registrations","2008","Clare","Number","156"
"New House Registrations","2008","Cork","Number","1740"
"New House Registrations","2008","Kerry","Number","256"
"New House Registrations","2008","Limerick","Number","314"
"New House Registrations","2008","Tipperary","Number","532"
"New House Registrations","2008","Waterford","Number","310"
"New House Registrations","2008","Galway","Number","728"
"New House Registrations","2008","Leitrim","Number","62"
"New House Registrations","2008","Mayo","Number","240"
"New House Registrations","2008","Roscommon","Number","70"
"New House Registrations","2008","Sligo","Number","163"
"New House Registrations","2008","Cavan","Number","168"
"New House Registrations","2008","Donegal","Number","364"
"New House Registrations","2008","Monaghan","Number","162"
"New House Registrations","2009","All Counties","Number","3743"
"New House Registrations","2009","Carlow","Number","60"
"New House Registrations","2009","Dublin","Number","1113"
"New House Registrations","2009","Kildare","Number","196"
"New House Registrations","2009","Kilkenny","Number","67"
"New House Registrations","2009","Laois","Number","30"
"New House Registrations","2009","Longford","Number","10"
"New House Registrations","2009","Louth","Number","124"
"New House Registrations","2009","Meath","Number","199"
"New House Registrations","2009","Offaly","Number","27"
"New House Registrations","2009","Westmeath","Number","88"
"New House Registrations","2009","Wexford","Number","126"
"New House Registrations","2009","Wicklow","Number","215"
"New House Registrations","2009","Clare","Number","137"
"New House Registrations","2009","Cork","Number","488"
"New House Registrations","2009","Kerry","Number","66"
"New House Registrations","2009","Limerick","Number","84"
"New House Registrations","2009","Tipperary","Number","97"
"New House Registrations","2009","Waterford","Number","64"
"New House Registrations","2009","Galway","Number","146"
"New House Registrations","2009","Leitrim","Number","10"
"New House Registrations","2009","Mayo","Number","19"
"New House Registrations","2009","Roscommon","Number","45"
"New House Registrations","2009","Sligo","Number","185"
"New House Registrations","2009","Cavan","Number","64"
"New House Registrations","2009","Donegal","Number","32"
"New House Registrations","2009","Monaghan","Number","51"
"New House Registrations","2010","All Counties","Number","1680"
"New House Registrations","2010","Carlow","Number","37"
"New House Registrations","2010","Dublin","Number","318"
"New House Registrations","2010","Kildare","Number","114"
"New House Registrations","2010","Kilkenny","Number","28"
"New House Registrations","2010","Laois","Number","28"
"New House Registrations","2010","Longford","Number","3"
"New House Registrations","2010","Louth","Number","50"
"New House Registrations","2010","Meath","Number","87"
"New House Registrations","2010","Offaly","Number","27"
"New House Registrations","2010","Westmeath","Number","14"
"New House Registrations","2010","Wexford","Number","91"
"New House Registrations","2010","Wicklow","Number","52"
"New House Registrations","2010","Clare","Number","35"
"New House Registrations","2010","Cork","Number","358"
"New House Registrations","2010","Kerry","Number","57"
"New House Registrations","2010","Limerick","Number","55"
"New House Registrations","2010","Tipperary","Number","83"
"New House Registrations","2010","Waterford","Number","18"
"New House Registrations","2010","Galway","Number","31"
"New House Registrations","2010","Leitrim","Number","2"
"New House Registrations","2010","Mayo","Number","66"
"New House Registrations","2010","Roscommon","Number","9"
"New House Registrations","2010","Sligo","Number","34"
"New House Registrations","2010","Cavan","Number","2"
"New House Registrations","2010","Donegal","Number","67"
"New House Registrations","2010","Monaghan","Number","14"
"New House Registrations","2011","All Counties","Number","834"
"New House Registrations","2011","Carlow","Number","17"
"New House Registrations","2011","Dublin","Number","140"
"New House Registrations","2011","Kildare","Number","45"
"New House Registrations","2011","Kilkenny","Number","43"
"New House Registrations","2011","Laois","Number","10"
"New House Registrations","2011","Longford","Number","0"
"New House Registrations","2011","Louth","Number","22"
"New House Registrations","2011","Meath","Number","40"
"New House Registrations","2011","Offaly","Number","24"
"New House Registrations","2011","Westmeath","Number","5"
"New House Registrations","2011","Wexford","Number","9"
"New House Registrations","2011","Wicklow","Number","25"
"New House Registrations","2011","Clare","Number","14"
"New House Registrations","2011","Cork","Number","247"
"New House Registrations","2011","Kerry","Number","47"
"New House Registrations","2011","Limerick","Number","34"
"New House Registrations","2011","Tipperary","Number","26"
"New House Registrations","2011","Waterford","Number","20"
"New House Registrations","2011","Galway","Number","29"
"New House Registrations","2011","Leitrim","Number","1"
"New House Registrations","2011","Mayo","Number","6"
"New House Registrations","2011","Roscommon","Number","4"
"New House Registrations","2011","Sligo","Number","12"
"New House Registrations","2011","Cavan","Number","1"
"New House Registrations","2011","Donegal","Number","5"
"New House Registrations","2011","Monaghan","Number","8"
"New House Registrations","2012","All Counties","Number","627"
"New House Registrations","2012","Carlow","Number","1"
"New House Registrations","2012","Dublin","Number","142"
"New House Registrations","2012","Kildare","Number","62"
"New House Registrations","2012","Kilkenny","Number","8"
"New House Registrations","2012","Laois","Number","8"
"New House Registrations","2012","Longford","Number","1"
"New House Registrations","2012","Louth","Number","106"
"New House Registrations","2012","Meath","Number","20"
"New House Registrations","2012","Offaly","Number","12"
"New House Registrations","2012","Westmeath","Number","3"
"New House Registrations","2012","Wexford","Number","15"
"New House Registrations","2012","Wicklow","Number","28"
"New House Registrations","2012","Clare","Number","6"
"New House Registrations","2012","Cork","Number","140"
"New House Registrations","2012","Kerry","Number","25"
"New House Registrations","2012","Limerick","Number","10"
"New House Registrations","2012","Tipperary","Number","12"
"New House Registrations","2012","Waterford","Number","6"
"New House Registrations","2012","Galway","Number","10"
"New House Registrations","2012","Leitrim","Number","0"
"New House Registrations","2012","Mayo","Number","4"
"New House Registrations","2012","Roscommon","Number","0"
"New House Registrations","2012","Sligo","Number","2"
"New House Registrations","2012","Cavan","Number","1"
"New House Registrations","2012","Donegal","Number","3"
"New House Registrations","2012","Monaghan","Number","2"
"New House Registrations","2013","All Counties","Number","1326"
"New House Registrations","2013","Carlow","Number","2"
"New House Registrations","2013","Dublin","Number","675"
"New House Registrations","2013","Kildare","Number","118"
"New House Registrations","2013","Kilkenny","Number","8"
"New House Registrations","2013","Laois","Number","8"
"New House Registrations","2013","Longford","Number","1"
"New House Registrations","2013","Louth","Number","35"
"New House Registrations","2013","Meath","Number","59"
"New House Registrations","2013","Offaly","Number","6"
"New House Registrations","2013","Westmeath","Number","4"
"New House Registrations","2013","Wexford","Number","6"
"New House Registrations","2013","Wicklow","Number","44"
"New House Registrations","2013","Clare","Number","5"
"New House Registrations","2013","Cork","Number","197"
"New House Registrations","2013","Kerry","Number","25"
"New House Registrations","2013","Limerick","Number","26"
"New House Registrations","2013","Tipperary","Number","9"
"New House Registrations","2013","Waterford","Number","13"
"New House Registrations","2013","Galway","Number","18"
"New House Registrations","2013","Leitrim","Number","0"
"New House Registrations","2013","Mayo","Number","38"
"New House Registrations","2013","Roscommon","Number","1"
"New House Registrations","2013","Sligo","Number","2"
"New House Registrations","2013","Cavan","Number","0"
"New House Registrations","2013","Donegal","Number","23"
"New House Registrations","2013","Monaghan","Number","3"
"New House Registrations","2014","All Counties","Number","2574"
"New House Registrations","2014","Carlow","Number","26"
"New House Registrations","2014","Dublin","Number","1339"
"New House Registrations","2014","Kildare","Number","337"
"New House Registrations","2014","Kilkenny","Number","6"
"New House Registrations","2014","Laois","Number","3"
"New House Registrations","2014","Longford","Number","0"
"New House Registrations","2014","Louth","Number","23"
"New House Registrations","2014","Meath","Number","170"
"New House Registrations","2014","Offaly","Number","21"
"New House Registrations","2014","Westmeath","Number","12"
"New House Registrations","2014","Wexford","Number","36"
"New House Registrations","2014","Wicklow","Number","121"
"New House Registrations","2014","Clare","Number","8"
"New House Registrations","2014","Cork","Number","297"
"New House Registrations","2014","Kerry","Number","28"
"New House Registrations","2014","Limerick","Number","24"
"New House Registrations","2014","Tipperary","Number","15"
"New House Registrations","2014","Waterford","Number","55"
"New House Registrations","2014","Galway","Number","32"
"New House Registrations","2014","Leitrim","Number","0"
"New House Registrations","2014","Mayo","Number","0"
"New House Registrations","2014","Roscommon","Number","0"
"New House Registrations","2014","Sligo","Number","0"
"New House Registrations","2014","Cavan","Number","2"
"New House Registrations","2014","Donegal","Number","11"
"New House Registrations","2014","Monaghan","Number","8"
"New House Registrations","2015","All Counties","Number","4297"
"New House Registrations","2015","Carlow","Number","6"
"New House Registrations","2015","Dublin","Number","2535"
"New House Registrations","2015","Kildare","Number","448"
"New House Registrations","2015","Kilkenny","Number","16"
"New House Registrations","2015","Laois","Number","0"
"New House Registrations","2015","Longford","Number","0"
"New House Registrations","2015","Louth","Number","55"
"New House Registrations","2015","Meath","Number","163"
"New House Registrations","2015","Offaly","Number","4"
"New House Registrations","2015","Westmeath","Number","18"
"New House Registrations","2015","Wexford","Number","77"
"New House Registrations","2015","Wicklow","Number","182"
"New House Registrations","2015","Clare","Number","25"
"New House Registrations","2015","Cork","Number","479"
"New House Registrations","2015","Kerry","Number","19"
"New House Registrations","2015","Limerick","Number","100"
"New House Registrations","2015","Tipperary","Number","13"
"New House Registrations","2015","Waterford","Number","42"
"New House Registrations","2015","Galway","Number","59"
"New House Registrations","2015","Leitrim","Number","1"
"New House Registrations","2015","Mayo","Number","22"
"New House Registrations","2015","Roscommon","Number","8"
"New House Registrations","2015","Sligo","Number","0"
"New House Registrations","2015","Cavan","Number","0"
"New House Registrations","2015","Donegal","Number","15"
"New House Registrations","2015","Monaghan","Number","10"
"New House Registrations","2016","All Counties","Number","5626"
"New House Registrations","2016","Carlow","Number","10"
"New House Registrations","2016","Dublin","Number","2905"
"New House Registrations","2016","Kildare","Number","531"
"New House Registrations","2016","Kilkenny","Number","20"
"New House Registrations","2016","Laois","Number","1"
"New House Registrations","2016","Longford","Number","0"
"New House Registrations","2016","Louth","Number","46"
"New House Registrations","2016","Meath","Number","532"
"New House Registrations","2016","Offaly","Number","7"
"New House Registrations","2016","Westmeath","Number","3"
"New House Registrations","2016","Wexford","Number","109"
"New House Registrations","2016","Wicklow","Number","290"
"New House Registrations","2016","Clare","Number","49"
"New House Registrations","2016","Cork","Number","665"
"New House Registrations","2016","Kerry","Number","34"
"New House Registrations","2016","Limerick","Number","163"
"New House Registrations","2016","Tipperary","Number","21"
"New House Registrations","2016","Waterford","Number","148"
"New House Registrations","2016","Galway","Number","53"
"New House Registrations","2016","Leitrim","Number","0"
"New House Registrations","2016","Mayo","Number","14"
"New House Registrations","2016","Roscommon","Number","3"
"New House Registrations","2016","Sligo","Number","0"
"New House Registrations","2016","Cavan","Number","0"
"New House Registrations","2016","Donegal","Number","18"
"New House Registrations","2016","Monaghan","Number","4"
"New House Registrations","2017","All Counties","Number","9466"
"New House Registrations","2017","Carlow","Number","14"
"New House Registrations","2017","Dublin","Number","5063"
"New House Registrations","2017","Kildare","Number","767"
"New House Registrations","2017","Kilkenny","Number","7"
"New House Registrations","2017","Laois","Number","2"
"New House Registrations","2017","Longford","Number","0"
"New House Registrations","2017","Louth","Number","164"
"New House Registrations","2017","Meath","Number","1122"
"New House Registrations","2017","Offaly","Number","7"
"New House Registrations","2017","Westmeath","Number","14"
"New House Registrations","2017","Wexford","Number","206"
"New House Registrations","2017","Wicklow","Number","347"
"New House Registrations","2017","Clare","Number","71"
"New House Registrations","2017","Cork","Number","997"
"New House Registrations","2017","Kerry","Number","58"
"New House Registrations","2017","Limerick","Number","204"
"New House Registrations","2017","Tipperary","Number","20"
"New House Registrations","2017","Waterford","Number","196"
"New House Registrations","2017","Galway","Number","143"
"New House Registrations","2017","Leitrim","Number","0"
"New House Registrations","2017","Mayo","Number","12"
"New House Registrations","2017","Roscommon","Number","28"
"New House Registrations","2017","Sligo","Number","10"
"New House Registrations","2017","Cavan","Number","1"
"New House Registrations","2017","Donegal","Number","4"
"New House Registrations","2017","Monaghan","Number","9"
"New House Registrations","2018","All Counties","Number","10265"
"New House Registrations","2018","Carlow","Number","60"
"New House Registrations","2018","Dublin","Number","4452"
"New House Registrations","2018","Kildare","Number","1041"
"New House Registrations","2018","Kilkenny","Number","56"
"New House Registrations","2018","Laois","Number","0"
"New House Registrations","2018","Longford","Number","0"
"New House Registrations","2018","Louth","Number","305"
"New House Registrations","2018","Meath","Number","1247"
"New House Registrations","2018","Offaly","Number","18"
"New House Registrations","2018","Westmeath","Number","39"
"New House Registrations","2018","Wexford","Number","300"
"New House Registrations","2018","Wicklow","Number","462"
"New House Registrations","2018","Clare","Number","119"
"New House Registrations","2018","Cork","Number","1111"
"New House Registrations","2018","Kerry","Number","76"
"New House Registrations","2018","Limerick","Number","258"
"New House Registrations","2018","Tipperary","Number","53"
"New House Registrations","2018","Waterford","Number","358"
"New House Registrations","2018","Galway","Number","226"
"New House Registrations","2018","Leitrim","Number","0"
"New House Registrations","2018","Mayo","Number","54"
"New House Registrations","2018","Roscommon","Number","6"
"New House Registrations","2018","Sligo","Number","1"
"New House Registrations","2018","Cavan","Number","0"
"New House Registrations","2018","Donegal","Number","0"
"New House Registrations","2018","Monaghan","Number","23"
"New House Registrations","2019","All Counties","Number","10784"
"New House Registrations","2019","Carlow","Number","63"
"New House Registrations","2019","Dublin","Number","4417"
"New House Registrations","2019","Kildare","Number","1511"
"New House Registrations","2019","Kilkenny","Number","118"
"New House Registrations","2019","Laois","Number","99"
"New House Registrations","2019","Longford","Number","0"
"New House Registrations","2019","Louth","Number","162"
"New House Registrations","2019","Meath","Number","1113"
"New House Registrations","2019","Offaly","Number","75"
"New House Registrations","2019","Westmeath","Number","74"
"New House Registrations","2019","Wexford","Number","277"
"New House Registrations","2019","Wicklow","Number","566"
"New House Registrations","2019","Clare","Number","77"
"New House Registrations","2019","Cork","Number","1101"
"New House Registrations","2019","Kerry","Number","73"
"New House Registrations","2019","Limerick","Number","217"
"New House Registrations","2019","Tipperary","Number","19"
"New House Registrations","2019","Waterford","Number","263"
"New House Registrations","2019","Galway","Number","396"
"New House Registrations","2019","Leitrim","Number","0"
"New House Registrations","2019","Mayo","Number","77"
"New House Registrations","2019","Roscommon","Number","7"
"New House Registrations","2019","Sligo","Number","0"
"New House Registrations","2019","Cavan","Number","7"
"New House Registrations","2019","Donegal","Number","67"
"New House Registrations","2019","Monaghan","Number","5"
